{"coverage": 39.6551724137931, "raw_data": {"meta": {"format": 2, "version": "7.4.3", "timestamp": "2024-02-25T10:20:57.734643", "branch_coverage": false, "show_contexts": false}, "files": {"src/xdist_scheduling_exclusive/__about__.py": {"executed_lines": [], "summary": {"covered_lines": 0, "num_statements": 1, "percent_covered": 0.0, "percent_covered_display": "0", "missing_lines": 1, "excluded_lines": 0}, "missing_lines": [1], "excluded_lines": []}, "src/xdist_scheduling_exclusive/exclusive_loadfile_scheduling.py": {"executed_lines": [1, 2, 3, 5, 7, 9, 12, 13, 19, 21, 22, 23, 27, 29, 30, 31, 33, 35, 37, 39], "summary": {"covered_lines": 18, "num_statements": 18, "percent_covered": 100.0, "percent_covered_display": "100", "missing_lines": 0, "excluded_lines": 0}, "missing_lines": [], "excluded_lines": []}, "src/xdist_scheduling_exclusive/exclusive_scheduling.py": {"executed_lines": [1, 2, 3, 4, 6, 7, 9, 12, 13, 18, 20, 26, 28, 29, 30, 32, 33, 39, 40, 47, 49, 50, 51, 54, 55, 56, 60, 61, 62, 63, 64, 66, 68, 69, 70, 71, 75, 76, 81, 82, 83], "summary": {"covered_lines": 39, "num_statements": 43, "percent_covered": 90.69767441860465, "percent_covered_display": "91", "missing_lines": 4, "excluded_lines": 0}, "missing_lines": [22, 23, 24, 78], "excluded_lines": []}, "src/xdist_scheduling_exclusive/load_exclusive_tests.py": {"executed_lines": [1, 4, 6, 7, 8, 11, 12], "summary": {"covered_lines": 6, "num_statements": 6, "percent_covered": 100.0, "percent_covered_display": "100", "missing_lines": 0, "excluded_lines": 0}, "missing_lines": [], "excluded_lines": []}, "src/xdist_scheduling_exclusive/loadfile_exclusive.py": {"executed_lines": [1, 3, 5, 6, 7, 9, 10, 24, 25, 32, 33, 40, 48, 49, 53, 54, 63, 64, 75, 76, 90, 102, 123, 134, 142, 176, 200, 262, 288], "summary": {"covered_lines": 29, "num_statements": 164, "percent_covered": 17.682926829268293, "percent_covered_display": "18", "missing_lines": 135, "excluded_lines": 0}, "missing_lines": [11, 12, 13, 14, 15, 16, 17, 18, 20, 21, 22, 27, 28, 30, 35, 36, 37, 38, 41, 42, 43, 44, 45, 46, 51, 61, 66, 67, 68, 69, 70, 71, 72, 73, 83, 84, 85, 86, 87, 88, 99, 100, 108, 109, 113, 114, 115, 116, 119, 120, 121, 131, 132, 135, 139, 140, 150, 151, 153, 155, 158, 159, 160, 161, 162, 166, 167, 169, 170, 172, 174, 189, 190, 191, 194, 195, 196, 197, 198, 211, 214, 215, 216, 217, 220, 221, 222, 225, 226, 227, 228, 230, 231, 234, 235, 238, 239, 240, 241, 249, 251, 252, 254, 255, 257, 259, 260, 263, 266, 268, 269, 271, 272, 274, 275, 276, 279, 280, 281, 282, 284, 285, 286, 295, 296, 297, 298, 299, 300, 301, 302, 303, 304, 305, 307], "excluded_lines": []}}, "totals": {"covered_lines": 92, "num_statements": 232, "percent_covered": 39.6551724137931, "percent_covered_display": "40", "missing_lines": 140, "excluded_lines": 0}}, "coverage_path": "."}